-- 商品種類
INSERT INTO ProductType (pt_id, pt_name) VALUES 
(1, '盛り込み'),
(2, 'にぎり'),
(3, '鮨やの丼&おすすめ'),
(4, '地元に生まれた味'),
(5, 'お好みすし')

-- 値段 Price
INSERT INTO Price (price_id, price) VALUES 
(1, 8650),
(2, 5680),
(3, 4440),
(4, 3830),
(5, 2830),
(6, 2180),
(7, 1940),
(8, 1490),
(9, 1060),
(10, 800),
(11, 1280),
(12, 1000),
(13, 1280),
(14, 1480),
(15, 100),
(16, 150),
(17, 180),
(18, 220),
(19, 260),
(20, 360),
(21, 400),
(22, 460),
(23, 520),
(24, 600)


-- 商品マスタ
INSERT INTO Product (p_id, p_name,pt_id,price_id) VALUES 
(1,'はな',1,1),
(2,'わだつみ',1,2),
(3,'あさなぎ',1,3),
(4,'ゆうなぎ',1,4),
(5,'くろしお',1,5),
(6,'いさりび',1,6),
(7,'みさき',2,7),
(8,'みなと',2,8),
(9,'しおん',2,9),
(10,'なぎさ',2,10),
(11,'海鮮ちらし',3,11),
(12,'鉄火丼',3,12),
(13,'鮨八宝巻',4,13),
(14,'化粧箱入り',4,14),
(15,'玉子',5,15),
(16,'いなり',5,15),
(17,'納豆軍艦',5,15),
(18,'ツナサラダ',5,15),
(19,'コーン',5,15),
(20,'かにサラダ',5,15),
(21,'オクラ軍艦',5,15),
(22,'ゆでげそ',5,16),
(23,'とびっこ',5,16),
(24,'明太子サラダ',5,16),
(25,'イカの塩辛',5,16),
(26,'オクラ納豆',5,16),
(27,'カンピョウ巻',5,16),
(28,'なっとう巻',5,16),
(29,'かっぱ巻',5,16),
(30,'おしんこ巻',5,16),
(31,'梅しそ巻',5,16),
(32,'えび',5,17),
(33,'赤いか',5,17),
(34,'かにみそ軍艦',5,17)

-- Customer
INSERT INTO Customer (c_id, c_name,phonenumber,payment_flag) VALUES 
(1, '田中', "090-xxxx-xxxx", 0),
(2, '佐藤', "090-xxxx-xxxx", 0),
(3, '鈴木', "090-xxxx-xxxx", 1),
(4, '伊藤', "090-xxxx-xxxx", 1),
(5, '佐竹', "090-xxxx-xxxx", 1)

-- 注文詳細
INSERT INTO OrderDetails (od_id, c_id,p_id,amount,sabi_flag, ricesize_flag,ricekind_flag) VALUES 
(1, 1, 1, 1,0,0,0),
(1, 1, 4, 1,0,0,0),
(1, 1, 6, 1,0,0,0),
(2, 2, 7, 1,0,0,0),
(2, 2, 8, 1,0,0,0),
(3, 3, 7, 1,0,0,0),
(4, 4, 8, 1,0,0,0),
(4, 4, 7, 1,0,0,0),
(5, 5, 8, 1,0,0,0),
(5, 5, 7, 1,0,0,0),
(5, 5, 8, 1,0,0,0)


-- 注文履歴
INSERT INTO Order (od_id,isPayment,totalAmount, order_date) VALUES 
(1,true,12000, '2022/11/15 13:01:12'),
(2,true,14000, '2022/11/15 13:02:12'),
(3,true,15000, '2022/11/15 13:03:12'),
(4,true,16000, '2022/11/15 13:04:12'),
(5,false,17000, '2022/11/15 13:05:12')