-- 注文種別
INSERT INTO OrderType (ot_no, ot_name) VALUES 
(1, 'セットメニュー'),
(2, 'お好みすし')

-- 商品種類
INSERT INTO ProductType (pt_no, pt_name) VALUES 
(1, '盛り込み'),
(2, 'にぎり'),
(3, '鮨やの丼&おすすめ'),
(4, '地元に生まれた味'),
(5, 'お好みすし')

-- 商品マスタ
INSERT INTO Product (p_no, p_name,ot_no,pt_no) VALUES 
(1,'はな',1,1),
(2,'わだつみ',1,1),
(3,'あさなぎ',1,1),
(4,'ゆうなぎ',1,1),
(5,'くろしお',1,1),
(6,'いさりび',1,1),
(7,'みさき',1,2),
(8,'みなと',1,2),
(9,'しおん',1,2),
(10,'なぎさ',1,2),
(11,'海鮮ちらし',1,3),
(12,'鉄火丼',1,3),
(13,'鮨八宝巻',1,4),
(14,'化粧箱入り',1,4),
(15,'玉子',2,5),
(16,'いなり',2,5),
(17,'納豆軍艦',2,5),
(18,'ツナサラダ',2,5),
(19,'コーン',2,5),
(20,'かにサラダ',2,5),
(21,'オクラ軍艦',2,5),
(22,'ゆでげそ',2,5),
(23,'とびっこ',2,5),
(24,'明太子サラダ',2,5),
(25,'イカの塩辛',2,5)

-- 値段 Price
INSERT INTO Price (p_no, price) VALUES 
(1, 8650),
(2, 5680),
(3, 4440),
(4, 3830),
(5, 2830),
(6, 2180),
(7, 1940),
(8, 1490),
(9, 1060),
(10, 800),
(11, 1280),
(12, 1000),
(13, 1280),
(14, 1480),
(15, 150),
(16, 150),
(17, 150),
(18, 150),
(19, 150),
(20, 150),
(21, 150),
(22, 150),
(23, 150),
(24, 150),
(25, 150)

-- Customer
INSERT INTO Customer (c_no, c_name,phonenumber,payment_flag) VALUES 
(1, '田中', "090-xxxx-xxxx", 1),
(2, '佐藤', "090-xxxx-xxxx", 1),
(3, '鈴木', "090-xxxx-xxxx", 1),
(4, '伊藤', "090-xxxx-xxxx", 2),
(5, '佐竹', "090-xxxx-xxxx", 2)

-- 注文履歴
INSERT INTO OrderHistory (od_no, order_date) VALUES 
(1, '2022/11/15 13:00:12'),
(2, '2022/12/15 13:00:12'),
(3, '2023/1/15 13:00:12'),
(4, '2023/2/15 13:00:12'),
(5, '2023/3/15 13:00:12')

-- 注文詳細
INSERT INTO OrderDetails (od_no, c_no,p_no,amount,sabi_flag, ricesize_flag,ricekind_flag) VALUES 
